{
    "loss": 0.5448436737060547,
    "accuracy": 0.8021978139877319
}